序号,链接,节点数
0,https://HsvS0y.mcsslk.xyz/e2be63d09cf53b1cfc1951ee7090d541,39
1,https://gitlab.com/colloq168/nodefiltrate/-/raw/main/filtrate?ref_type=heads,106
2,https://raw.githubusercontent.com/ALIILAPRO/v2rayNG-Config/main/sub.txt,133
3,https://raw.githubusercontent.com/Alvin9999/pac2/master/clash.meta2/1/config.yaml,0
4,https://raw.githubusercontent.com/Alvin9999/pac2/master/clash.meta2/13/config.yaml,0
5,https://raw.githubusercontent.com/Alvin9999/pac2/master/clash.meta2/15/config.yaml,0
6,https://raw.githubusercontent.com/Alvin9999/pac2/master/clash.meta2/2/config.yaml,0
7,https://raw.githubusercontent.com/Alvin9999/pac2/master/clash.meta2/config.yaml,0
8,https://raw.githubusercontent.com/Epodonios/v2ray-configs/main/All_Configs_base64_Sub.txt,0
9,https://raw.githubusercontent.com/Huibq/TrojanLinks/master/links/vmess,0
10,https://raw.githubusercontent.com/Misaka-blog/chromego_merge/main/sub/merged_proxies_new.yaml,6016
11,https://raw.githubusercontent.com/MrMohebi/xray-proxy-grabber-telegram/master/collected-proxies/clash-meta/all.yaml,0
12,https://raw.githubusercontent.com/NiceVPN123/NiceVPN/main/Clash.yaml,3646
13,https://raw.githubusercontent.com/PangTouY00/Auto_proxy/main/Long_term_subscription_num,650
14,https://raw.githubusercontent.com/Surfboardv2ray/TGParse/main/python/hy2,5
15,https://raw.githubusercontent.com/Surfboardv2ray/TGParse/main/python/hysteria2,29
16,https://raw.githubusercontent.com/Vauth/node/main/Main,5910
17,https://raw.githubusercontent.com/Vauth/node/main/Master,0
18,https://raw.githubusercontent.com/WilliamStar007/ClashX-V2Ray-TopFreeProxy/main/combine/clash.config.yaml,337
19,https://raw.githubusercontent.com/aiboboxx/clashfree/main/clash.yml,0
20,https://raw.githubusercontent.com/anaer/Sub/main/clash.yaml,112
21,https://raw.githubusercontent.com/chengaopan/AutoMergePublicNodes/master/list.yml,0
22,https://raw.githubusercontent.com/lagzian/SS-Collector/main/mix_clash.yaml,186
23,https://raw.githubusercontent.com/mahdibland/V2RayAggregator/master/sub/sub_merge_yaml.yml,5767
24,https://raw.githubusercontent.com/mheidari98/.proxy/main/all,0
25,https://raw.githubusercontent.com/peasoft/NoMoreWalls/master/list.yml,134
26,https://raw.githubusercontent.com/qjlxg/hy2/main/splitted/hy2,14
27,https://raw.githubusercontent.com/ripaojiedian/freenode/main/clash,25
28,https://raw.githubusercontent.com/ripaojiedian/freenode/main/sub,26
29,https://raw.githubusercontent.com/soroushmirzaei/telegram-configs-collector/main/protocols/hysteria,148
30,https://raw.githubusercontent.com/soroushmirzaei/telegram-configs-collector/main/protocols/reality,333
31,https://raw.githubusercontent.com/soroushmirzaei/telegram-configs-collector/main/protocols/shadowsocks,700
32,https://raw.githubusercontent.com/soroushmirzaei/telegram-configs-collector/main/protocols/trojan,1708
33,https://raw.githubusercontent.com/soroushmirzaei/telegram-configs-collector/main/protocols/vless,5446
34,https://raw.githubusercontent.com/soroushmirzaei/telegram-configs-collector/main/protocols/vmess,110
35,https://raw.githubusercontent.com/ts-sf/fly/main/clash,200
36,https://raw.githubusercontent.com/yebekhe/TelegramV2rayCollector/main/sub/base64/mix,0
37,https://raw.githubusercontent.com/zhangkaiitugithub/passcro/main/speednodes.yaml,193
38,https://raw.githubusercontent.com/zhangkaiitugithub/passcro/main/speednodes.yaml,171
39,https://x5Bkro.absslk.xyz/13dc5da3a66111a672d3375669311b30,38
40,dynamic://peasoft,0

总计,,4608
